{"sane": true, "normalizes": true, "range": true, "log_prob": -912.176025390625, "avg_log_prob": -1.82435205078125, "perplexity": 6.198777224722105}